id,name,acronym,type,website,head,head_title,reports_to,also_known_as,green_book_officials,payroll_year,payroll_staff
administration-for-children-s-services,Administration for Children's Services,ACS,Mayoral Agency,https://www.nyc.gov/site/acs/index.page,Rebecca Jones Gaston,Commissioner,Deputy Mayor for Health and Human Services,,40,2025,6446
advisory-council-for-the-nyc-civil-court-housing-part,Advisory Council for the NYC Civil Court Housing Part,,Advisory or Regulatory Organization,https://ww2.nycourts.gov/courts/nyc/housing/advisory.shtml,,,,,,,
advisory-council-on-procurement-lobbying,Advisory Council on Procurement Lobbying,ACPL,Advisory or Regulatory Organization,https://ogs.ny.gov/ACPL/,,,,,,,
american-museum-of-natural-history,American Museum of Natural History,AMNH,Nonprofit Organization,https://www.amnh.org/,Sean M. Decatur,President,,,,,
animal-care-centers-of-nyc,Animal Care Centers of NYC,ACC,Nonprofit Organization,https://www.nycacc.org/,Risa Weinstock,Chief Executive Officer,,,,,
archival-review-board,Archival Review Board,ARB,Advisory or Regulatory Organization,https://www.nyc.gov/site/records/about/archival-review-board.page,,,,,,,
archives-reference-and-research-advisory-board,"Archives, Reference and Research Advisory Board",ARRAB,Advisory or Regulatory Organization,https://www.nyc.gov/site/records/about/archives-reference-and-research-advisory-board.page,,,,,,,
audit-committee,Audit Committee,,Advisory or Regulatory Organization,https://nycauditcommittee.org/,,,,,,,
banking-commission,Banking Commission,,Advisory or Regulatory Organization,https://www.nyc.gov/site/finance/about/banking-commission.page,,,,,,,
board-of-correction,Board of Correction,BOC,Advisory or Regulatory Organization,https://www.nyc.gov/site/boc/index.page,Jasmine Georges-Yilla,Executive Director,,,2,2025,27
board-of-education-retirement-system,Board of Education Retirement System,BERS,Pension Fund,https://www.bers.nyc.gov/,Sanford Rich,Executive Director,,,1,,
board-of-elections,Board of Elections,BOE,Advisory or Regulatory Organization,https://vote.nyc/,Michael J. Ryan,Executive Director,,,14,2025,930
board-of-health,Board of Health,,Advisory or Regulatory Organization,https://www1.nyc.gov/site/doh/about/about-doh/board-of-health.page,,,,,,,
board-of-standards-and-appeals,Board of Standards and Appeals,BSA,Advisory or Regulatory Organization,https://www.nyc.gov/site/bsa/index.page,Carlo Costanza,Executive Director,,,4,,
borough-boards,Borough Boards,,Advisory or Regulatory Organization,,,,Office of the Borough President of The Bronx;Office of the Borough President of Brooklyn;Office of the Borough President of Manhattan;Office of the Borough President of Queens;Office of the Borough President of Staten Island,,,,
bronx-county-historical-society,Bronx County Historical Society,,Nonprofit Organization,https://bronxhistoricalsociety.org,Gary Hermalyn,CEO,,,,,
bronx-county-public-administrator,Bronx County Public Administrator,,State Government Agency,https://www.nyc.gov/site/bronxpa/index.page,Danielle S. Powell,Public Administrator,,,,2025,9
bronx-district-attorney-s-office,Bronx District Attorney's Office,,Elected Office,https://www.bronxda.nyc.gov/,Darcel D. Clark,District Attorney,,Bronx County District Attorney's Office,11,2025,1265
bronx-museum-of-the-arts,Bronx Museum of the Arts,,Nonprofit Organization,https://www.bronxmuseum.org/,Shamim M. Momin,Director & Chief Curator,,,,,
brooklyn-academy-of-music,Brooklyn Academy of Music,BAM,Nonprofit Organization,https://www.bam.org/,Tamara McCaw,Interim Chief Executive Officer,,,,,
brooklyn-botanic-garden,Brooklyn Botanic Garden,BBG,Nonprofit Organization,https://www.bbg.org/,Adrian Benepe,President and CEO,,,,,
brooklyn-bridge-park-corporation,Brooklyn Bridge Park Corporation,BBP,Public Benefit or Development Organization,https://brooklynbridgepark.org/about/brooklyn-bridge-park-corporation/,Eric Landau,President,,,5,,
brooklyn-children-s-museum,Brooklyn Children's Museum,BCM,Nonprofit Organization,https://www.brooklynkids.org/,Atiba T. Edwards,President and CEO,,,,,
brooklyn-district-attorney-s-office,Brooklyn District Attorney's Office,,Elected Office,http://www.brooklynda.org/,Eric Gonzalez,District Attorney,,Kings County District Attorney's Office,9,2025,1301
brooklyn-museum,Brooklyn Museum,,Nonprofit Organization,https://www.brooklynmuseum.org/,Anne Pasternak,Shelby White and Leon Levy Director,,,,,
brooklyn-navy-yard-development-corporation,Brooklyn Navy Yard Development Corporation,BNYDC,Public Benefit or Development Organization,https://www.brooklynnavyyard.org/,Lindsay Greene,Chief Executive Officer & President,,,16,,
brooklyn-public-library,Brooklyn Public Library,BPL,Nonprofit Organization,https://www.bklynlibrary.org/,Linda E. Johnson,President and CEO,,,4,,
build-nyc-resource-corporation,Build NYC Resource Corporation,,Public Benefit or Development Organization,https://edc.nyc/build-nyc,,,,Build NYC,,,
business-integrity-commission,Business Integrity Commission,BIC,Advisory or Regulatory Organization,https://www.nyc.gov/site/bic/index.page,Asim Rehman,Commissioner/Chair,First Deputy Mayor,,7,2025,64
campaign-finance-board,Campaign Finance Board,CFB,Advisory or Regulatory Organization,https://www.nyccfb.info/,Paul S. Ryan,Executive Director,,,26,2025,175
carnegie-hall,Carnegie Hall,,Nonprofit Organization,https://www.carnegiehall.org/,Sir Clive Gillinson,Executive and Artistic Director,,,,,
catskill-watershed-corporation,Catskill Watershed Corporation,CWC,Public Benefit or Development Organization,https://cwconline.org/,Jason Merwin,Executive Director,,,,,
center-for-brooklyn-history,Center for Brooklyn History,CBH,Nonprofit Organization,https://www.bklynlibrary.org/cbh/about/history,Lexy Mayers,Executive Director,Brooklyn Public Library,Brooklyn Historical Society,,,
center-for-innovation-through-data-intelligence,Center for Innovation through Data Intelligence,CIDI,Mayoral Office,https://www.nyc.gov/site/cidi/index.page,Maryanne Schretzman,Executive Director,First Deputy Mayor,,,,
central-park-conservancy,Central Park Conservancy,,Nonprofit Organization,https://www.centralparknyc.org/,Elizabeth W. Smith,President & CEO,,,,,
charter-revision-commission,Charter Revision Commission,,Advisory or Regulatory Organization,https://www.nyc.gov/site/charter/index.page,Alec Schierenbeck,Executive Director,,,,,
chief-counsel-to-the-mayor-and-city-hall,Chief Counsel to the Mayor and City Hall,,Mayoral Office,,Ramzi Kassem,Chief Counsel to the Mayor and City Hall,Office of the Mayor,Office of the Chief Counsel to the Mayor,,,
chief-of-staff-to-the-mayor,Chief of Staff to the Mayor,,Mayoral Office,,Elle Bisgaard-Church,Chief of Staff to the Mayor,Mayor,,,,
city-commission-on-human-rights,City Commission on Human Rights,CCHR,Advisory or Regulatory Organization,https://www.nyc.gov/site/cchr/index.page,Christine Clarke,Chair and Commissioner,Deputy Mayor for Economic Justice,,14,2025,105
city-planning-commission,City Planning Commission,CPC,Advisory or Regulatory Organization,https://www.nyc.gov/content/planning/pages/commission,Dan Garodnick,Chair and Director,,,1,,
city-university-construction-fund,City University Construction Fund,CUCF,Public Benefit or Development Organization,https://www.cuny.edu/about/administration/offices/fpcm/cucf/,Mohamed Attalla,Executive Director,First Deputy Mayor,,3,,
city-university-of-new-york,City University of New York,CUNY,State Government Agency,https://www.cuny.edu/,Felix V. Matos Rodriguez,Chancellor,First Deputy Mayor,,40,,
civic-engagement-commission,Civic Engagement Commission,CEC,Division,https://www.nyc.gov/site/civicengagement/index.page,Sarah Sayeed,Chair and Executive Director,Mayor's Office of Mass Engagement,,,,
civil-service-commission,Civil Service Commission,CSC,Advisory or Regulatory Organization,https://www.nyc.gov/site/csc/index.page,Amanda M. Wismans,Executive Director and General Counsel,,,2,2025,11
civilian-complaint-review-board,Civilian Complaint Review Board,CCRB,Advisory or Regulatory Organization,https://www.nyc.gov/site/ccrb/index.page,Jonathan Darche,Executive Director,Chief Counsel to the Mayor and City Hall,,7,2025,243
commission-on-gender-equity,Commission on Gender Equity,CGE,Advisory or Regulatory Organization,https://www.nyc.gov/content/genderequity/pages/,Priya Nair,Executive Director,Deputy Mayor for Economic Justice,,,,
commission-on-racial-equity,Commission on Racial Equity,CORE,Advisory or Regulatory Organization,https://www.nyc.gov/content/core/pages/,Linda Tigani,Chair & Executive Director,Deputy Mayor for Economic Justice,,1,2025,21
commission-to-combat-police-corruption,Commission to Combat Police Corruption,CCPC,Advisory or Regulatory Organization,https://www.nyc.gov/site/ccpc/index.page,,Executive Director,Chief Counsel to the Mayor and City Hall,,1,,
community-action-board-at-the-nyc-department-of-youth-and-community-development,Community Action Board at the NYC Department of Youth and Community Development,CAB,Advisory or Regulatory Organization,https://www1.nyc.gov/site/dycd/involved/boards-and-councils/community-action-board.page,,,,,,,
community-boards,Community Boards,CB,Advisory or Regulatory Organization,https://www.nyc.gov/site/communityboards/index.page,,,,,,,
community-services-board,Community Services Board,CSB,Advisory or Regulatory Organization,https://www.nyc.gov/site/doh/health/health-topics/mh-community-services-board.page,,,,,,,
conflicts-of-interest-board,Conflicts of Interest Board,COIB,Advisory or Regulatory Organization,https://www.nyc.gov/site/coib/index.page,Carolyn Miller,Executive Director,Chief Counsel to the Mayor and City Hall,,9,2025,21
convention-center-development-corporation,Convention Center Development Corporation,CCDC,Public Benefit or Development Organization,https://esd.ny.gov/new-york-convention-center-development-corporation-0,Rebecca Pellegrini,President,,,,,
convention-center-operating-corporation-javits,Convention Center Operating Corporation (Javits),NYCCOC,Public Benefit or Development Organization,https://www.javitscenter.com/,Joyce Leveston,CEO,,,,,
council-for-airport-opportunity,Council for Airport Opportunity,CAO,Nonprofit Organization,https://www.caonynj.com/,Andrew Campbell,Executive Director,,,,,
cultural-affairs-advisory-commission,Cultural Affairs Advisory Commission,CAAC,Advisory or Regulatory Organization,https://www1.nyc.gov/site/dcla/about/advisory-commission.page,,,,,,,
cultural-institutions-retirement-system,Cultural Institutions Retirement System,CIRS,Pension Fund,https://cirsplans.org/,Richard Scheer,Executive Director,,,,,
cyber-command,Cyber Command,,Division,https://www.nyc.gov/content/oti/pages/meet-the-team/cyber-command,Kelly Moan,Chief Information Security Officer,Office of Technology and Innovation,NYC Cyber Command,,,
department-for-the-aging,Department for the Aging,NYC AGING,Mayoral Agency,https://www.nyc.gov/site/dfta/index.page,Lisa Scott-McKenzie,Commissioner,Deputy Mayor for Health and Human Services,NYC Aging,20,2025,331
department-of-buildings,Department of Buildings,DOB,Mayoral Agency,https://www.nyc.gov/site/buildings/index.page,Ahmed Tigani,Commissioner,Deputy Mayor for Housing and Planning,,35,2025,1599
department-of-city-planning,Department of City Planning,DCP,Mayoral Agency,https://www.nyc.gov/site/planning/index.page,Daniel Garodnick,Director,Deputy Mayor for Housing and Planning,,15,2025,334
department-of-citywide-administrative-services,Department of Citywide Administrative Services,DCAS,Mayoral Agency,https://www.nyc.gov/site/dcas/index.page,Yume Kitasei,Commissioner,Deputy Mayor for Operations,,39,2025,2117
department-of-consumer-and-worker-protection,Department of Consumer and Worker Protection,DCWP,Mayoral Agency,https://www.nyc.gov/site/dca/index.page,Sam Levine,Commissioner,Deputy Mayor for Economic Justice,Department of Consumer Affairs,3,2025,404
department-of-correction,Department of Correction,DOC,Mayoral Agency,https://www.nyc.gov/site/doc/index.page,Stanley Richards,Commissioner,First Deputy Mayor,,40,2025,7200
department-of-cultural-affairs,Department of Cultural Affairs,DCLA,Mayoral Agency,https://www.nyc.gov/site/dcla/index.page,Diya Vij,Commissioner,Deputy Mayor for Economic Justice,,40,2025,69
department-of-design-and-construction,Department of Design and Construction,DDC,Mayoral Agency,https://www.nyc.gov/site/ddc/index.page,Paul Ochoa,Commissioner,Deputy Mayor for Operations,,40,2025,1148
department-of-environmental-protection,Department of Environmental Protection,DEP,Mayoral Agency,https://www.nyc.gov/site/dep/index.page,Lisa Garcia,Commissioner,Deputy Mayor for Operations,,36,2025,5767
department-of-finance,Department of Finance,DOF,Mayoral Agency,https://www.nyc.gov/site/finance/index.page,Richard Lee,Commissioner,First Deputy Mayor,,38,2025,1816
department-of-health-and-mental-hygiene,Department of Health and Mental Hygiene,DOHMH,Mayoral Agency,https://www.nyc.gov/site/doh/index.page,Alister Martin,Commissioner,Deputy Mayor for Health and Human Services,NYC Health;Health Department,40,2025,6374
department-of-homeless-services,Department of Homeless Services,DHS,Division,https://www.nyc.gov/site/dhs/index.page,Joslyn Carter,Administrator,Deputy Mayor for Health and Human Services,,40,2025,1725
department-of-housing-preservation-and-development,Department of Housing Preservation and Development,HPD,Mayoral Agency,https://www.nyc.gov/site/hpd/index.page,Dina Levy,Commissioner,Deputy Mayor for Housing and Planning,Housing Preservation and Development,17,2025,2392
department-of-investigation,Department of Investigation,DOI,Mayoral Agency,https://www.nyc.gov/site/doi/index.page,Jocelyn Strauber,Commissioner,Mayor,,40,2025,256
department-of-parks-and-recreation,Department of Parks and Recreation,DPR,Mayoral Agency,https://www.nycgovparks.org/,Tricia Shimamura,Commissioner,Deputy Mayor for Operations,NYC Parks,40,2025,8525
department-of-probation,Department of Probation,DOP,Mayoral Agency,https://www.nyc.gov/site/probation/index.page,Sharun Goodwin,Commissioner,First Deputy Mayor,,19,2025,866
department-of-records-and-information-services,Department of Records and Information Services,DORIS,Mayoral Agency,https://www.nyc.gov/site/records/index.page,Shawn(ta) Smith-Cruz,Commissioner,Deputy Mayor for Operations,,11,2025,61
department-of-small-business-services,Department of Small Business Services,SBS,Mayoral Agency,https://www.nyc.gov/site/sbs/index.page,Kenny Minaya,Commissioner,Deputy Mayor for Economic Justice,,11,2025,314
department-of-social-services,Department of Social Services,DSS,Mayoral Agency,https://www.nyc.gov/site/dss/index.page,Erin Dalton,Commissioner,Deputy Mayor for Health and Human Services,,40,2025,10733
department-of-veterans-services,Department of Veterans' Services,DVS,Mayoral Agency,https://www.nyc.gov/site/veterans/index.page,Yesenia Mata,Commissioner,Deputy Mayor for Health and Human Services,,6,2025,36
department-of-youth-and-community-development,Department of Youth and Community Development,DYCD,Mayoral Agency,https://www.nyc.gov/site/dycd/index.page,Sandra Escamilla-Davies,Commissioner,Deputy Mayor for Health and Human Services,,14,2025,620
deputy-mayor-for-community-safety,Deputy Mayor for Community Safety,,Mayoral Office,,Renita Francois,Deputy Mayor for Community Safety,,,,,
deputy-mayor-for-economic-justice,Deputy Mayor for Economic Justice,,Mayoral Office,,Julie Su,Deputy Mayor for Economic Justice,Office of the Mayor,,,,
deputy-mayor-for-health-and-human-services,Deputy Mayor for Health and Human Services,DMHHS,Mayoral Office,,Helen Arteaga,Deputy Mayor for Health and Human Services,Office of the Mayor,,,,
deputy-mayor-for-housing-and-planning,Deputy Mayor for Housing and Planning,,Mayoral Office,,Leila Bozorg,Deputy Mayor for Housing and Planning,Office of the Mayor,,,,
deputy-mayor-for-operations,Deputy Mayor for Operations,DMOPS,Mayoral Office,,Julia Kerson,Deputy Mayor for Operations,Office of the Mayor,,,,
domestic-violence-fatality-review-committee,Domestic Violence Fatality Review Committee,FRC,Advisory or Regulatory Organization,https://www1.nyc.gov/site/ocdv/press-resources/fatality-review-committee.page,,,,,,,
economic-development-corporation,Economic Development Corporation,NYCEDC,Public Benefit or Development Organization,https://edc.nyc/,Anthony Shorris,President and CEO,Deputy Mayor for Economic Justice,,10,,
economic-development-corporation-life-sciences-advisory-council,Economic Development Corporation Life Sciences Advisory Council,,Advisory or Regulatory Organization,https://edc.nyc/advisory-council,,,,,,,
educational-construction-fund,Educational Construction Fund,ECF,Public Benefit or Development Organization,https://infohub.nyced.org/reports/financial/educational-construction-fund,Jennifer Maldonado,Chief Executive Officer,,,3,,
el-museo-del-barrio,El Museo del Barrio,,Nonprofit Organization,https://www.elmuseo.org/,Patrick Charpenel,Executive Director,,,,,
environmental-control-board,Environmental Control Board,ECB,Advisory or Regulatory Organization,https://www.nyc.gov/site/oath/hearings/about-ecb.page,Asim Rehman,Chairperson (Commissioner & Chief Administrative Law Judge),,,,,
equal-employment-practices-commission,Equal Employment Practices Commission,EEPC,Advisory or Regulatory Organization,https://www.nyc.gov/site/eepc/index.page,Jeanne M. Victor,Executive Director,Mayor,Equal Employment Opportunity,3,2025,14
financial-information-services-agency,Financial Information Services Agency,FISA,Advisory or Regulatory Organization,https://www.nyc.gov/site/opa/about/opa-history.page,Neil Matthew,Executive Director,Office of the Mayor;Office of the New York City Comptroller,,7,2025,396
fire-department-of-the-city-of-new-york,Fire Department of the City of New York,FDNY,Mayoral Agency,https://www.nyc.gov/site/fdny/index.page,Lillian Bonsignore,Commissioner,Deputy Mayor for Operations,Fire Department,40,2025,17390
fire-department-pension-fund-and-related-funds,Fire Department Pension Fund and Related Funds,,Pension Fund,https://nycfirepension.org/,LeRoy McGinnis,Executive Director,,,2,2025,49
first-deputy-mayor,First Deputy Mayor,FDM,Mayoral Office,,Dean Fuleihan,First Deputy Mayor,Office of the Mayor,,,,
flushing-council-on-culture-and-the-arts-flushing-town-hall,Flushing Council on Culture and the Arts / Flushing Town Hall,,Nonprofit Organization,https://www.flushingtownhall.org/,Ellen Kodadek,Executive and Artistic Director,,Flushing Town Hall,,,
flushing-meadows-corona-park-alliance,Flushing Meadows Corona Park Alliance,,Nonprofit Organization,https://allianceforfmcp.org/,Anthony Sama,Executive Director,,,,,
forest-park-trust,Forest Park Trust,,Public Benefit or Development Organization,https://forestparktrust.org/,,,,,,,
fund-for-public-schools,Fund for Public Schools,,Nonprofit Organization,https://www.fundforpublicschools.org/,Stephen Cockrell,Chief Executive Officer,,,,,
get-stuff-built-advisory-board,Get Stuff Built Advisory Board,,Advisory or Regulatory Organization,https://www.nyc.gov/site/getstuffbuilt/initiatives/get-stuff-built.page,Robert Holbrook,Executive Director,,,,,
gracie-mansion-conservancy,Gracie Mansion Conservancy,,Nonprofit Organization,https://www.graciemansion.org/,Andrea Shapiro Davis,Executive Director,Chief of Staff,,,,
green-economy-advisory-council,Green Economy Advisory Council,,Advisory or Regulatory Organization,https://edc.nyc/press-release/nycedc-announces-new-york-citys-first-ever-green-economy-advisory-council,,,,,,,
greenbelt-conservancy,Greenbelt Conservancy,,Nonprofit Organization,https://sigreenbelt.org/,Steven Cain,Executive Director,,,,,
grownyc,GrowNYC,,Nonprofit Organization,https://www.grownyc.org/,Marcel Van Ooyen,President and CEO,,,3,,
hiv-planning-council,HIV Planning Council,,Advisory or Regulatory Organization,https://nyhiv.org/,,,,,,,
hiv-aids-services-advisory-board,HIV/AIDS Services Advisory Board,HASA,Advisory or Regulatory Organization,https://www1.nyc.gov/site/hra/help/hiv-aids-services.page,,,,,,,
housing-development-corporation,Housing Development Corporation,NYC HDC,Public Benefit or Development Organization,https://www.nychdc.com/,Eric Enderlin,President,Deputy Mayor of Housing Economic and Workforce Development,,18,,
hudson-river-park-trust,Hudson River Park Trust,,Public Benefit or Development Organization,https://hudsonriverpark.org/,Noreen Doyle,President & CEO,,,,,
hudson-yards-infrastructure-corporation,Hudson Yards Infrastructure Corporation,HYIC,Public Benefit or Development Organization,https://www.nyc.gov/site/hyic/index.page,David Womack,President,,,,,
human-resources-administration,Human Resources Administration,HRA,Division,https://www.nyc.gov/site/hra/index.page,Scott French,Administrator,Deputy Mayor for Health and Human Services,,,,
independent-budget-office,Independent Budget Office,IBO,Advisory or Regulatory Organization,https://www.ibo.nyc.ny.us/,Louisa Chafee,Director,,,17,2025,65
industrial-development-agency,Industrial Development Agency,NYCIDA,Public Benefit or Development Organization,https://edc.nyc/nycida,,,,,,,
jamaica-bay-rockaway-parks-conservancy-inc,"Jamaica Bay - Rockaway Parks Conservancy, Inc.",JBRPC,Nonprofit Organization,http://www.jbrpc.org/,Terri Carta,Executive Director,,,,,
jamaica-center-for-arts-and-learning,Jamaica Center for Arts and Learning,JCAL,Nonprofit Organization,https://www.jcal.org/,Leonard Jacobs,Executive Director,,,,,
jazz-at-lincoln-center,Jazz at Lincoln Center,,Nonprofit Organization,https://www.jazz.org/,Wynton Marsalis,Managing and Artistic Director,,,,,
juvenile-justice-advisory-board,Juvenile Justice Advisory Board,,Advisory or Regulatory Organization,https://www.nyc.gov/site/acs/about/data-analysis.page,,,,,,,
kings-county-public-administrator,Kings County Public Administrator,KCPA,State Government Agency,https://www.nyc.gov/site/kcpa/index.page,"Kerry D. Archer, ESQ",Public Administrator,,,,2025,15
land-development-corporation,Land Development Corporation,NYCLDC,Public Benefit or Development Organization,https://www.nycldc.com/,Jeanny Pak,President,,,,,
landmarks-preservation-commission,Landmarks Preservation Commission,LPC,Advisory or Regulatory Organization,https://www1.nyc.gov/site/lpc/index.page,Lisa Kersavage,Executive Director,Deputy Mayor for Housing and Planning,,15,2025,70
lincoln-center-theater,Lincoln Center Theater,LCT,Nonprofit Organization,https://www.lct.org/,Kewsong Lee,Artistic Director,,,,,
lower-manhattan-development-corporation,Lower Manhattan Development Corporation,LMDC,Public Benefit or Development Organization,http://www.renewnyc.com/,Daniel A. Ciniello,President,,,2,,
manhattan-district-attorney-s-office,Manhattan District Attorney's Office,,Elected Office,https://manhattanda.org/,Alvin Bragg Jr.,District Attorney,,New York County District Attorney's Office,12,2025,1707
mayor-s-advance-team,Mayor's Advance Team,,Mayoral Office,,,Director,Deputy Mayor for Administration and Chief of Staff,,,,
mayor-s-advisory-committee-on-the-judiciary,Mayor's Advisory Committee on the Judiciary,MACJ,Advisory or Regulatory Organization,https://www1.nyc.gov/site/macj/index.page,Ali Najmi,Chair,Chief Counsel to the Mayor and City Hall,,,,
mayor-s-committee-on-city-marshals,Mayor's Committee on City Marshals,MCCM,Advisory or Regulatory Organization,https://www.nyc.gov/site/marshals/index.page,,,,,,,
mayor-s-fund-to-advance-new-york-city,Mayor's Fund to Advance New York City,,Nonprofit Organization,https://www.nyc.gov/site/fund/index.page,Kate Smith,Executive Director,Chief of Staff,,,,
mayor-s-office-correspondence,Mayor's Office - Correspondence,,Mayoral Office,,Dawn Baskerville,Director,Deputy Mayor for Administration and Chief of Staff,,,,
mayor-s-office-director-of-communications,Mayor's Office - Director of Communications,,Mayoral Office,,Anna Bahr,,Deputy Mayor for Communications,,,,
mayor-s-office-press-office,Mayor's Office - Press Office,,Mayoral Office,,Joe Calvello,Press Secretary,Deputy Mayor for Communications,,,,
mayor-s-office-senior-advisor-for-policy-and-strategy,Mayor's Office - Senior Advisor for Policy and Strategy,,Mayoral Office,,Simonia Brown,,,,,,
mayor-s-office-for-childcare-and-early-childhood-education,Mayor's Office for Childcare and Early Childhood Education,OCCECE,Mayoral Office,https://www.nyc.gov/site/childcare/index.page,Emmy Liss,Executive Director,First Deputy Mayor,,,,
mayor-s-office-for-economic-opportunity,Mayor's Office for Economic Opportunity,NYC OPPORTUNITY,Mayoral Office,https://www.nyc.gov/site/opportunity/index.page,Carson Hicks,Executive Director,Deputy Mayor for Economic Justice,,,,
mayor-s-office-for-international-affairs,Mayor's Office for International Affairs,IA,Mayoral Office,https://www.nyc.gov/site/international/index.page,Ana María Archila,Commissioner,Chief of Staff,,,,
mayor-s-office-for-nonprofit-services,Mayor's Office for Nonprofit Services,MONS,Mayoral Office,https://www.nyc.gov/site/nonprofits/index.page,Michael Sedillo,Executive Director,Deputy Mayor for Operations,Office of not-for-profit organization services;Mayor's Office of Nonprofits,,,
mayor-s-office-for-people-with-disabilities,Mayor's Office for People with Disabilities,MOPD,Mayoral Office,https://www.nyc.gov/site/mopd/index.page,Nisha Agarwal,Commissioner,Deputy Mayor for Health and Human Services,,,,
mayor-s-office-for-prevention-of-hate-crimes,Mayor's Office for Prevention of Hate Crimes,OPHC,Mayoral Office,https://www.nyc.gov/site/stophate/index.page,Vijah Ramjattan,Executive Director,First Deputy Mayor,,,,
mayor-s-office-of-administrative-services,Mayor's Office of Administrative Services,,Mayoral Office,,Mir Bashar,Chief Administrative Officer,Deputy Mayor for Administration and Chief of Staff,,,,
mayor-s-office-of-animal-welfare,Mayor's Office of Animal Welfare,MOAW,Division,https://www.nyc.gov/site/animalwelfare/index.page,Alexandra Silver,Director,Mayor's Community Affairs Unit,,,,
mayor-s-office-of-appointments,Mayor's Office of Appointments,,Mayoral Office,https://www.nyc.gov/content/appointments/pages/,Stephanie Silkowski,Director,Chief of Staff,,,,
mayor-s-office-of-citywide-events-coordination-and-management,Mayor's Office of Citywide Events Coordination and Management,CECM,Mayoral Office,https://www.nyc.gov/site/cecm/index.page,Dawn Tolson,Director,Chief of Staff,,,,
mayor-s-office-of-climate-and-environmental-justice,Mayor's Office of Climate and Environmental Justice,MOCEJ,Mayoral Office,https://climate.cityofnewyork.us/,Louise Yeung,Chief Climate Officer,Deputy Mayor for Operations,,,,
mayor-s-office-of-community-mental-health,Mayor's Office of Community Mental Health,OCMH,Mayoral Office,https://mentalhealth.cityofnewyork.us/,Eva Wong,Director,Deputy Mayor for Health and Human Services,,,,
mayor-s-office-of-community-safety,Mayor's Office of Community Safety,,Mayoral Office,,Ayesha Delany-Brumsey,Commissioner,,,,,
mayor-s-office-of-contract-services,Mayor's Office of Contract Services,MOCS,Mayoral Office,https://www.nyc.gov/site/mocs/index.page,Kim Yu,Director,Deputy Mayor for Operations,,2,2025,188
mayor-s-office-of-criminal-justice,Mayor's Office of Criminal Justice,MOCJ,Mayoral Office,https://criminaljustice.cityofnewyork.us/,Deanna Logan,Director,First Deputy Mayor,,,2025,96
mayor-s-office-of-deed-theft-prevention,Mayor's Office of Deed Theft Prevention,,Mayoral Office,,Peter White,Director,,,,,
mayor-s-office-of-environmental-coordination,Mayor's Office of Environmental Coordination,MOEC,Mayoral Office,https://www.nyc.gov/site/oec/index.page,Hilary Semel,Director,Mayor's Office of Climate and Environmental Justice,,,,
mayor-s-office-of-environmental-remediation,Mayor's Office of Environmental Remediation,OER,Mayoral Office,https://www.nyc.gov/site/oer/index.page,Shaminder Chawla,Director,Mayor's Office of Climate and Environmental Justice,,,,
mayor-s-office-of-equity-and-racial-justice,Mayor's Office of Equity and Racial Justice,MOERJ,Mayoral Office,https://www.nyc.gov/site/equity/index.page,Afua Atta-Mensah,Chief Equity Officer & Commissioner,Deputy Mayor for Strategic Initiatives,Mayor's Office of Equity,6,2025,28
mayor-s-office-of-ethnic-and-community-media,Mayor's Office of Ethnic and Community Media,MOECM,Mayoral Office,https://www.nyc.gov/site/ethnicmedia/index.page,,Executive Director,Mayor's Office of Mass Engagement,,,,
mayor-s-office-of-faith-based-and-community-partnerships,Mayor's Office of Faith-Based and Community Partnerships,OFCP,Mayoral Office,https://www.nyc.gov/site/cfcp/index.page,Pastor Gilford Monrose,Executive Director,Mayor's Office of Mass Engagement,,,,
mayor-s-office-of-food-policy,Mayor's Office of Food Policy,MOFP,Mayoral Office,https://www.nyc.gov/site/foodpolicy/index.page,Kate MacKenzie,Executive Director,Deputy Mayor for Health and Human Services,,,,
mayor-s-office-of-housing-recovery-operations,Mayor's Office of Housing Recovery Operations,HRO,Mayoral Office,https://www1.nyc.gov/site/housingrecovery/index.page,Rudy S. Giuliani,Executive Director,Deputy Mayor for Housing and Planning,,,,
mayor-s-office-of-immigrant-affairs,Mayor's Office of Immigrant Affairs,MOIA,Mayoral Office,https://www.nyc.gov/site/immigrants/index.page,Faiza Ali,Commissioner,Deputy Mayor for Economic Justice,,,,
mayor-s-office-of-lgbtqia-affairs,Mayor's Office of LGBTQIA+ Affairs,,Mayoral Office,,Taylor Brown,Director,,,,,
mayor-s-office-of-management-and-budget,Mayor's Office of Management and Budget,OMB,Mayoral Office,https://www.nyc.gov/site/omb/index.page,Sherif Soliman,Director,First Deputy Mayor,,22,2025,457
mayor-s-office-of-mass-engagement,Mayor's Office of Mass Engagement,,Mayoral Office,https://www.nyc.gov/content/organize/pages/,Tascha Van Auken,Commissioner,,,,,
mayor-s-office-of-media-and-entertainment,Mayor's Office of Media and Entertainment,MOME,Mayoral Office,https://www.nyc.gov/site/mome/index.page,Rafael Espinal,Commissioner,Deputy Mayor for Economic Justice,,11,,
mayor-s-office-of-minority-and-women-owned-business-enterprises,Mayor's Office of Minority and Women-Owned Business Enterprises,MWBE,Mayoral Office,https://www.nyc.gov/assets/mwbe/,Michael Garner,Citywide Chief Business Diversity Officer,Deputy Mayor for Economic Justice,,,,
mayor-s-office-of-municipal-services-assessment,Mayor's Office of Municipal Services Assessment,MSA,Mayoral Office,,,,Deputy Mayor for Public Safety,,,,
mayor-s-office-of-operations,Mayor's Office of Operations,OPS,Mayoral Office,https://www.nyc.gov/site/operations/index.page,Annie Levers,Director,Deputy Mayor for Operations,,,,
mayor-s-office-of-pensions-and-investments,Mayor's Office of Pensions and Investments,MOPI,Mayoral Office,,Ahmer Qadeer,Chief Pension Administrator,Department of Finance,,,,
mayor-s-office-of-policy-and-planning,Mayor's Office of Policy and Planning,,Mayoral Office,,,"Director, Policy and Planning",,Mayor's Office of Policy and Planning and Delivery,,,
mayor-s-office-of-risk-management-and-compliance,Mayor's Office of Risk Management and Compliance,MORMC,Mayoral Office,,,Director,Chief Counsel to the Mayor and City Hall,,,,
mayor-s-office-of-rodent-mitigation,Mayor's Office of Rodent Mitigation,,Mayoral Office,,,Director,,,,,
mayor-s-office-of-special-enforcement,Mayor's Office of Special Enforcement,OSE,Mayoral Office,https://www.nyc.gov/site/specialenforcement/index.page,Christian J. Klossner,Executive Director,First Deputy Mayor,,,,
mayor-s-office-of-special-projects-and-community-events,Mayor's Office of Special Projects and Community Events,MOSPCE,Mayoral Office,https://www.nyc.gov/site/mospce/index.page,Trey Moynihan,Executive Director,Chief of Staff,,,,
mayor-s-office-of-sports-wellness-and-recreation,"Mayor's Office of Sports, Wellness and Recreation",MOSWR,Mayoral Office,https://www.nyc.gov/content/sports/pages/about-office-of-sports-wellness-and-recreation,,Director,Chief of Staff,Mayor's Office of Sports and Recreation,,,
mayor-s-office-of-strategic-partnerships,Mayor's Office of Strategic Partnerships,OSP,Mayoral Office,https://www.nyc.gov/site/partnerships/index.page,,Executive Director,,,,,
mayor-s-office-of-talent-and-workforce-development,Mayor's Office of Talent and Workforce Development,NYC Talent,Mayoral Office,https://www.nyc.gov/site/wkdev/index.page,Doug Lipari,Executive Director,Deputy Mayor for Economic Justice,,,,
mayor-s-office-of-the-utility-consumer-advocate,Mayor's Office of the Utility Consumer Advocate,,Mayoral Office,https://www.nyc.gov/content/climate/pages/utility-consumer-advocate,,,,,,,
mayor-s-office-of-urban-agriculture,Mayor's Office of Urban Agriculture,MOUA,Division,https://www1.nyc.gov/site/agriculture/index.page,Qiana Mickie,Director,Mayor's Office of Climate and Environmental Justice,,,,
mayor-s-office-of-worker-power,Mayor's Office of Worker Power,,Mayoral Office,https://www.nyc.gov/main/mayors-office-of-worker-power,Tony Perlstein,Director,,,,,
mayor-s-office-of-youth-employment,Mayor's Office of Youth Employment,MOYE,Mayoral Office,https://www.nyc.gov/site/youthemployment/index.page,,,,,,,
mayor-s-office-to-combat-antisemitism,Mayor's Office to Combat Antisemitism,,Mayoral Office,https://www.nyc.gov/main/combat-antisemitism,Phylisa Wisdom,Executive Director,,,,,
mayor-s-office-to-end-domestic-and-gender-based-violence,Mayor's Office to End Domestic and Gender-Based Violence,ENDGBV,Mayoral Office,https://www.nyc.gov/site/ocdv/index.page,Saloni Sethi,Commissioner,Deputy Mayor for Health and Human Services,Mayor's Office to Combat Domestic Violence,,,
mayor-s-office-to-prevent-gun-violence,Mayor's Office to Prevent Gun Violence,OPGV,Mayoral Office,https://www1.nyc.gov/site/peacenyc/index.page,Jessica Mofield,,First Deputy Mayor,,,,
mayor-s-office-to-protect-tenants,Mayor's Office to Protect Tenants,MOPT,Mayoral Office,https://www.nyc.gov/content/tenantprotection/pages/,Cea Weaver,Director,Deputy Mayor for Housing and Planning,,,,
mayor-s-public-engagement-unit,Mayor's Public Engagement Unit,PEU,Division,https://www.nyc.gov/site/mayorspeu/index.page,Isolina De La Cruz,Acting Executive Director,Mayor's Office of Mass Engagement,,,,
metropolitan-museum-of-art,Metropolitan Museum of Art,,Nonprofit Organization,https://www.metmuseum.org/,Max Hollein,Marina Kellen French Director and CEO,,,,,
metropolitan-transportation-authority,Metropolitan Transportation Authority,MTA,Public Benefit or Development Organization,https://new.mta.info/,Janno Lieber,Chair and Chief Executive Officer,,,,,
moma-ps1,MoMA PS1,MOMA PS1,Nonprofit Organization,https://www.momaps1.org/,Connie Butler,The Agnes Gund Director,,PS 1 Contemporary Art Center,,,
municipal-division-of-transitional-services,Municipal Division of Transitional Services,,Mayoral Office,,,,,,,,
museum-of-jewish-heritage,Museum of Jewish Heritage,,Nonprofit Organization,https://mjhnyc.org/,Jack Kliger,President & CEO,,,,,
museum-of-modern-art,Museum of Modern Art,MoMA,Nonprofit Organization,https://www.moma.org/,Glenn D. Lowry,David Rockefeller Director,,,,,
museum-of-the-city-of-new-york,Museum of the City of New York,MCNY,Nonprofit Organization,https://www.mcny.org/,Stephanie Hill Wilchfort,Ronay Menschel Director and President,,,,,
museum-of-the-moving-image,Museum of the Moving Image,MoMI,Nonprofit Organization,https://movingimage.us/,Aziz Isham,Executive Director,,,,,
mwbe-advisory-board,MWBE Advisory Board,,Advisory or Regulatory Organization,https://www.nyc.gov/assets/mwbe/?page=mwbe-advisory-council,,,,,,,
national-september-11-memorial-and-museum,National September 11 Memorial and Museum,,Nonprofit Organization,https://www.911memorial.org/,Elizabeth L. Hillman,President and CEO,,World Trade Center Memorial Foundation;9/11 Memorial & Museum,,,
new-york-botanical-garden,New York Botanical Garden,NYBG,Nonprofit Organization,https://www.nybg.org/,Jennifer Bernstein,CEO & The William C. Steere Sr. President,,,,,
new-york-city-ballet,New York City Ballet,,Nonprofit Organization,https://www.nycballet.com/,Katherine E. Brown,Executive Director,,,,,
new-york-city-center,New York City Center,,Nonprofit Organization,https://www.nycitycenter.org/,Michael S. Rosenberg,President & CEO,,,,,
new-york-city-children-s-cabinet,New York City Children's Cabinet,,Mayoral Office,https://www.nyc.gov/site/childrenscabinet/index.page,Ahsia Badi,Executive Director,First Deputy Mayor,,,,
new-york-city-council,New York City Council,NYCC,Elected Office,https://council.nyc.gov/,Julie Menin,Speaker,,City Council,40,2025,877
new-york-city-department-of-sanitation,New York City Department of Sanitation,DSNY,Mayoral Agency,https://www.nyc.gov/site/dsny/index.page,Gregory Anderson,Commissioner,Deputy Mayor for Operations,Department of Sanitation;NYC Sanitation,40,2025,9836
new-york-city-department-of-transportation,New York City Department of Transportation,NYC DOT,Mayoral Agency,https://www.nyc.gov/html/dot/html/home/home.shtml,Mike Flynn,Commissioner,Deputy Mayor for Operations,Department of Transportation,40,2025,5915
new-york-city-districting-commission,New York City Districting Commission,,Advisory or Regulatory Organization,https://www.nyc.gov/site/districting/index.page,,,,,,2023,2
new-york-city-emergency-management,New York City Emergency Management,NYCEM,Mayoral Agency,https://www.nyc.gov/site/em/index.page,Christina Farrell,Commissioner,Deputy Mayor for Operations,NYC Emergency Management;Office of Emergency Management,19,2025,223
new-york-city-employee-retirement-system,New York City Employee Retirement System,NYCERS,Pension Fund,https://www.nycers.org/,Elizabeth Reyes,Executive Director,,,3,2025,501
new-york-city-housing-authority,New York City Housing Authority,NYCHA,Public Benefit or Development Organization,https://www.nyc.gov/site/nycha/index.page,Lisa Bova-Hiatt,Chief Executive Officer,Deputy Mayor for Housing and Planning,,40,2025,11994
new-york-city-housing-authority-board,New York City Housing Authority Board,,Advisory or Regulatory Organization,https://www1.nyc.gov/site/nycha/about/nycha-board.page,,,,,,,
new-york-city-law-department,New York City Law Department,LAW,Mayoral Agency,https://www.nyc.gov/site/law/index.page,Steven Banks,Corporation Counsel,Mayor,Law Department;Office of the Corporation Counsel,40,2025,1495
new-york-city-loft-board,New York City Loft Board,LOFT,Advisory or Regulatory Organization,https://www.nyc.gov/site/loftboard/index.page,"Martha Cruz, Esq",Executive Director / General Counsel,,,,,
new-york-city-municipal-water-finance-authority,New York City Municipal Water Finance Authority,NYW,Public Benefit or Development Organization,https://www.nyc.gov/site/nyw/index.page,David Womack,Chief Executive Officer,,,9,2025,11
new-york-city-office-of-the-actuary,New York City Office of the Actuary,NYCOA,Advisory or Regulatory Organization,https://www.nyc.gov/site/actuary/index.page,Marek Tyszkiewicz,Chief Actuary,,,7,2025,38
new-york-city-panel-on-climate-change,New York City Panel on Climate Change,NPCC,Advisory or Regulatory Organization,https://www.nyc.gov/content/climate/pages/reports-and-publications/new-york-city-panel-on-climate-change-npcc,,,,,,,
new-york-city-police-department,New York City Police Department,NYPD,Mayoral Agency,https://www.nyc.gov/site/nypd/index.page,Jessica Tisch,Commissioner,First Deputy Mayor,Police Department,27,2025,47480
new-york-city-police-pension-fund,New York City Police Pension Fund,PPF,Pension Fund,https://www.nyc.gov/content/nycppf/pages/,Kevin Holloran,Executive Director,,,10,2025,141
new-york-city-public-housing-preservation-trust,New York City Public Housing Preservation Trust,,Public Benefit or Development Organization,https://www.preservationtrust.org/,Vlada Kenniff,President,,,,,
new-york-city-public-schools,New York City Public Schools,NYCPS,Mayoral Agency,https://www.schools.nyc.gov/,Kamar Samuels,Chancellor,First Deputy Mayor,Department of Education;NYC Public Schools,26,2025,267669
new-york-city-school-bus-umbrella-services-inc,"New York City School Bus Umbrella Services, Inc.",,Public Benefit or Development Organization,https://www.nycsbus.com/,Matt Berlin,CEO,,,,,
new-york-city-school-support-services,New York City School Support Services,NYCSSS,Nonprofit Organization,https://www.nycsss.org/,,,,,,,
new-york-city-tax-commission,New York City Tax Commission,TAXCOMM,Advisory or Regulatory Organization,https://www1.nyc.gov/site/taxcommission/index.page,Robert J. Firestone,President,,Tax Commission;NYC Tax Commission,,2025,45
new-york-city-taxi-and-limousine-commission,New York City Taxi and Limousine Commission,TLC,Mayoral Agency,https://www.nyc.gov/site/tlc/index.page,Midori Valdivia,Commissioner and Chair,Deputy Mayor for Economic Justice,Taxi and Limousine Commission,24,2025,426
new-york-city-tourism-conventions,New York City Tourism + Conventions,,Nonprofit Organization,https://www.nyctourism.com/,Julie Coker,President and CEO,Deputy Mayor for Economic Justice,NYC & Company,8,,
new-york-city-transit-riders-council,New York City Transit Riders Council,NYCTRC,Advisory or Regulatory Organization,https://pcac.org/nyctrc/,,,,New York City Transit Authority Advisory Council,,,
new-york-city-transitional-finance-authority,New York City Transitional Finance Authority,TFA,Public Benefit or Development Organization,https://www.nyc.gov/site/transitionalfinance/index.page,David Womack,Executive Director,,,8,,
new-york-city-water-board,New York City Water Board,NYWB,Public Benefit or Development Organization,https://www.nyc.gov/site/nycwaterboard/index.page,Nerissa Moray,Executive Director,,,,,
new-york-city-watershed-protection-and-partnership-council,New York City Watershed Protection and Partnership Council,WPPC,Advisory or Regulatory Organization,https://dos.ny.gov/new-york-city-watershed-program,,,,,,,
new-york-city-young-men-s-initiative,New York City Young Men's Initiative,YMI,Mayoral Office,https://www.nyc.gov/site/ymi/index.page,,Executive Director,Deputy Mayor for Economic Justice,Young Men's Initiative,,,
new-york-county-public-administrator,New York County Public Administrator,,State Government Agency,https://www.nyc.gov/site/nycountypa/index.page,Dahlia Damas,Public Administrator,,,,2025,12
new-york-hall-of-science,New York Hall of Science,NYSCI,Nonprofit Organization,https://nysci.org/,Lisa J. Gugenheim,CEO and President,,,,,
new-york-public-library,New York Public Library,NYPL,Nonprofit Organization,https://www.nypl.org/,Anthony W. Marx,President and CEO,,,23,,
nonprofit-advisory-council,Nonprofit Advisory Council,,Advisory or Regulatory Organization,https://www.nyc.gov/site/nonprofits/about/advisory-council.page,,,,,,,
nyc-health-hospitals,NYC Health + Hospitals,H+H,Public Benefit or Development Organization,https://www.nychealthandhospitals.org/,Mitchell Katz,President and CEO,Deputy Mayor for Health and Human Services,,20,,
nyc-her-future,NYC HER Future,,Division,https://www.nyc.gov/content/nycherfuture/pages/,Nathifa Forde,Executive Director,Mayor's Office of Equity and Racial Justice,,,,
nyc-service,NYC Service,,Division,https://www.nycservice.org/,Laura Rog,Chief Service Officer,Mayor's Office of Mass Engagement,,,,
nyc311,NYC311,311,Division,https://portal.311.nyc.gov/,Joseph Morrisroe,Deputy Commissioner,Office of Technology and Innovation,311,,,
office-conversion-accelerator,Office Conversion Accelerator,,Mayoral Office,https://www.nyc.gov/site/officeconversions/index.page,,,,,,,
office-of-administrative-tax-appeals,Office of Administrative Tax Appeals,OATA,Advisory or Regulatory Organization,https://www.nyc.gov/site/oata/index.page,Neil Schaier,Director,,,8,,
office-of-administrative-trials-and-hearings,Office of Administrative Trials and Hearings,OATH,Mayoral Agency,https://www.nyc.gov/site/oath/index.page,Vilda Vera Mayuga,Commissioner and Chief Administrative Law Judge,Chief Counsel to the Mayor and City Hall,,15,2025,672
office-of-capital-project-development,Office of Capital Project Development,,Mayoral Office,,,,Deputy Mayor for Operations,,,,
office-of-collective-bargaining,Office of Collective Bargaining,OCB,Advisory or Regulatory Organization,https://www.ocb-nyc.org/,,,,,5,2025,15
office-of-community-hiring,Office of Community Hiring,,Division,https://www.nyc.gov/site/communityhiring/index.page,,,Mayor's Office of Talent and Workforce Development,,,,
office-of-creative-communications,Office of Creative Communications,,Mayoral Office,,,Associate Director for Digital Communications,Deputy Mayor for Communications,,,,
office-of-data-analytics,Office of Data Analytics,ODA,Division,https://www.nyc.gov/content/oti/pages/data-analytics,,Chief Analytics Officer,Deputy Mayor for Operations,Mayor's Office of Data Analytics,,,
office-of-healthcare-accountability,Office of Healthcare Accountability,,Mayoral Office,,,,,,,,
office-of-information-privacy,Office of Information Privacy,OIP,Division,https://www.nyc.gov/content/oti/pages/meet-the-team/information-privacy,Michael Fitzpatrick,Chief Privacy Officer,Office of Technology and Innovation,,,,
office-of-intergovernmental-affairs,Office of Intergovernmental Affairs,MOIGA,Mayoral Office,https://www.nyc.gov/site/intergovernmental/index.page,Jahmila Edwards,Director of Intergovernmental Affairs,Chief of Staff,Mayor's Office of Office of Intergovernmental Affairs,,,
office-of-labor-relations,Office of Labor Relations,OLR,Mayoral Office,https://www1.nyc.gov/site/olr/index.page,Renee Campion,Commissioner,First Deputy Mayor,,25,2025,164
office-of-nightlife,Office of Nightlife,ONL,Division,https://www.nyc.gov/site/sbs/businesses/nightlife.page,Jeffrey Garcia,Executive Director,Deputy Mayor for Economic Justice,,,,
office-of-payroll-administration,Office of Payroll Administration,OPA,Mayoral Agency,https://www.nyc.gov/site/opa/index.page,Neil Matthew,Executive Director,Office of the Mayor;Office of the New York City Comptroller,,8,2025,132
office-of-scheduling-and-executive-operations,Office of Scheduling and Executive Operations,,Mayoral Office,,,Director,Deputy Mayor for Administration and Chief of Staff,,,,
office-of-technology-and-innovation,Office of Technology and Innovation,OTI,Mayoral Office,https://www.nyc.gov/content/oti/pages/,Lisa Gelobter,Chief Technology Officer and Commissioner,Deputy Mayor for Operations,Department of Information Technology and Telecommunications,22,2025,1529
office-of-the-administrative-justice-coordinator,Office of the Administrative Justice Coordinator,AJC,Mayoral Office,https://www.nyc.gov/site/ajc/index.page,David B. Goldin,Administrative Justice Coordinator,Chief Counsel to the Mayor and City Hall,,,,
office-of-the-borough-president-of-brooklyn,Office of the Borough President of Brooklyn,,Elected Office,https://www.brooklynbp.nyc.gov/,Antonio Reynoso,Brooklyn Borough President,,,19,2025,66
office-of-the-borough-president-of-manhattan,Office of the Borough President of Manhattan,,Elected Office,https://www.manhattanbp.nyc.gov/,Brad Hoylman-Sigal,Manhattan Borough President,,,12,2025,50
office-of-the-borough-president-of-queens,Office of the Borough President of Queens,,Elected Office,https://www.queensbp.nyc.gov/,Donovan J. Richards Jr.,Queens Borough President,,,27,2025,65
office-of-the-borough-president-of-staten-island,Office of the Borough President of Staten Island,,Elected Office,https://www.statenislandusa.com/bp-office.html,Vito J. Fossella,Staten Island Borough President,,,11,2025,37
office-of-the-borough-president-of-the-bronx,Office of the Borough President of The Bronx,,Elected Office,https://bronxboropres.nyc.gov/,Vanessa L. Gibson,Bronx Borough President,,,25,2025,57
office-of-the-chief-medical-examiner,Office of the Chief Medical Examiner,OCME,Mayoral Agency,https://www1.nyc.gov/site/ocme/index.page,Jason Graham,Chief Medical Examiner,Deputy Mayor for Health and Human Services,,15,,
office-of-the-city-clerk,Office of the City Clerk,,Division,https://www.cityclerk.nyc.gov/content/,Michael McSweeney,City Clerk and Clerk of the Council,City Council,,21,2025,55
office-of-the-inspector-general-for-the-nypd,Office of the Inspector General for the NYPD,OIG-NYPD,Division,https://www1.nyc.gov/site/doi/offices/oignypd.page,Jeanene Barrett,Inspector General,Department of Investigation,,,,
office-of-the-mayor,Office of the Mayor,OM,Elected Office,https://www.nyc.gov/mayors-office,Zohran K. Mamdani,Mayor,,Office of the Mayor of the City of New York;Mayor's Office,40,2025,359
office-of-the-new-york-city-comptroller,Office of the New York City Comptroller,,Elected Office,https://comptroller.nyc.gov/,Mark Levine,Comptroller,,Comptroller,40,2025,740
office-of-the-public-advocate,Office of the Public Advocate,PUB ADV,Elected Office,https://advocate.nyc.gov/,Jumaane Williams,Public Advocate,,Office of the Public Advocate for the City of New York;Public Advocate,6,2025,58
office-of-the-public-realm,Office of the Public Realm,,Mayoral Office,https://www.nyc.gov/site/publicrealm/index.page,,Chief Public Realm Officer,,,,,
office-of-the-special-narcotics-prosecutor,Office of the Special Narcotics Prosecutor,,Division,https://www.snpnyc.org/,Bridget G. Brennan,Special Narcotics Prosecutor,Bronx County District Attorney's Office;Brooklyn District Attorney's Office;Manhattan District Attorney's Office;Queens District Attorney's Office;Office of the District Attorney Richmond County,,6,2025,210
panel-on-educational-policy,Panel on Educational Policy,PEP,Advisory or Regulatory Organization,https://www.schools.nyc.gov/about-us/leadership/panel-for-education-policy,,,,,,,
pay-equity-cabinet,Pay Equity Cabinet,,Advisory or Regulatory Organization,https://www.nyc.gov/content/genderequity/pages/economic-mobility-opportunity,,,,,,,
perelman-performing-arts-center,Perelman Performing Arts Center,PACNYC,Nonprofit Organization,https://pacnyc.org/,Khady Kamara Nunez,Executive Director,,World Trade Center Performing Arts Center;PAC NYC,,,
primary-care-development-corporation,Primary Care Development Corporation,PCDC,Public Benefit or Development Organization,https://www.pcdc.org/,Louise Cohen,CEO,,,,,
procurement-policy-board,Procurement Policy Board,PPB,Advisory or Regulatory Organization,https://www.nyc.gov/site/mocs/regulations/ppb.page,,,Office of the Mayor;Office of the New York City Comptroller,,,,
prospect-park-alliance,Prospect Park Alliance,,Nonprofit Organization,https://www.prospectpark.org/,Morgan Monaco,President and Park Administrator,,,,,
public-administrator-of-queens-county,Public Administrator of Queens County,,State Government Agency,https://www.queenscountypa.com/,Lois Rosenblatt,Public Administrator,,,,2025,7
public-design-commission,Public Design Commission,PDC,Advisory or Regulatory Organization,https://www.nyc.gov/site/designcommission/index.page,Erich Bilal,Executive Director,Deputy Mayor for Housing and Planning,Art Commission,,,
public-theater,Public Theater,,Nonprofit Organization,https://publictheater.org/,Patrick Willingham,Executive Director,,,,,
queens-botanical-garden,Queens Botanical Garden,QBG,Nonprofit Organization,https://queensbotanical.org/,Evie Hantzopoulos,Executive Director,,,,,
queens-district-attorney-s-office,Queens District Attorney's Office,,Elected Office,https://queensda.org/,Melinda Katz,District Attorney,,Queens County District Attorney's Office,14,2025,880
queens-museum,Queens Museum,,Nonprofit Organization,https://queensmuseum.org/,Sally Tallant,President and Executive Director,,,,,
queens-public-library,Queens Public Library,QPL,Nonprofit Organization,https://www.queenslibrary.org/,Dennis M. Walcott,President and CEO,,,6,,
queens-theatre-in-the-park,Queens Theatre in the Park,,Nonprofit Organization,https://queenstheatre.org/,Taryn Sacramone,Executive Director,,,,,
randall-s-island-park-alliance,Randall's Island Park Alliance,RIPA,Nonprofit Organization,https://randallsisland.org/,Deborah Maher,President,,,,,
rent-guidelines-board,Rent Guidelines Board,RGB,Advisory or Regulatory Organization,https://rentguidelinesboard.cityofnewyork.us/,Andrew McLaughlin,Executive Director,,,1,,
residential-mortgage-insurance-corporation,Residential Mortgage Insurance Corporation,REMIC,Public Benefit or Development Organization,https://www.nychdc.com/subsidiaries/remic,,,,,,,
richmond-county-public-administrator,Richmond County Public Administrator,,State Government Agency,https://www.nyc.gov/site/rcpa/index.page,Edwina Frances Martin,Public Administrator,,,,2025,5
roosevelt-island-operating-corporation,Roosevelt Island Operating Corporation,,Public Benefit or Development Organization,https://rioc.ny.gov/,,,,,,,
sales-tax-asset-receivable-corporation,Sales Tax Asset Receivable Corporation,STAR,Public Benefit or Development Organization,https://www.nyc.gov/site/starcorp/index.page,David Womack,President,,,,,
school-construction-authority,School Construction Authority,SCA,Public Benefit or Development Organization,https://www.nycsca.org/,Nina Kubota,President and CEO,First Deputy Mayor,,17,,
senior-advisory-council,Senior Advisory Council,,Advisory or Regulatory Organization,https://www1.nyc.gov/site/dfta/about/advisory-council.page,,,,,,,
sheriff,Sheriff,,Division,https://www.nyc.gov/site/finance/sheriff-courts/sheriff.page,Edwin Raymond,Sheriff,Department of Finance,NYC Sheriff,,,
snug-harbor-cultural-center-and-botanical-garden,Snug Harbor Cultural Center and Botanical Garden,,Nonprofit Organization,https://snug-harbor.org/,Jessica Baker Vodoor,President & CEO,,,,,
special-commissioner-of-investigation-for-the-new-york-city-school-district,Special Commissioner of Investigation for the New York City School District,SCI,Advisory or Regulatory Organization,https://nycsci.org/,Anastasia Coleman,Special Commissioner,,,11,,
staten-island-children-s-museum,Staten Island Children's Museum,,Nonprofit Organization,https://www.sichildrensmuseum.org/,Dina Rosenthal,Executive Director,,,,,
staten-island-district-attorney-s-office,Staten Island District Attorney's Office,,Elected Office,https://www.statenislandda.org/,Michael E. McMahon,District Attorney,,Richmond County District Attorney's Office,27,2025,232
staten-island-historical-society,Staten Island Historical Society,,Nonprofit Organization,https://www.historicrichmondtown.org/,Jessica B. Phillips,Chief Executive Officer,,,,,
staten-island-museum,Staten Island Museum,,Nonprofit Organization,https://www.statenislandmuseum.org/,Janice Monger,President & Chief Executive Officer,,,,,
staten-island-zoological-society,Staten Island Zoological Society,,Nonprofit Organization,https://www.statenislandzoo.org/,Ken Mitchell,Executive Director,,,,,
street-harassment-prevention-advisory-board,Street Harassment Prevention Advisory Board,,Advisory or Regulatory Organization,https://www.nyc.gov/site/ocdv/programs/end-street-harassment.page,,,,,,,
studio-museum-in-harlem,Studio Museum in Harlem,,Nonprofit Organization,https://studiomuseum.org/,Thelma Golden,Ford Foundation Director and Chief Curator,,,,,
taskforce-on-racial-inclusion-and-equity,Taskforce on Racial Inclusion and Equity,TRIE,Advisory or Regulatory Organization,https://www.nyc.gov/site/trie/index.page,,,,,,,
tax-appeals-tribunal,Tax Appeals Tribunal,,Advisory or Regulatory Organization,https://www1.nyc.gov/site/taxappeals/index.page,,,,,,,
teachers-retirement-system-of-city-of-new-york,Teachers' Retirement System of City of New York,TRS,Pension Fund,https://www.trsnyc.org,Patricia Reilly,Executive Director,,,13,2025,400
three-quarter-housing-task-force,Three Quarter Housing Task Force,,Advisory or Regulatory Organization,https://www1.nyc.gov/content/tenantprotection/pages/tqh-task-force,,,,,,,
tobacco-settlement-asset-securitization-corporation,Tobacco Settlement Asset Securitization Corporation,TSASC,Public Benefit or Development Organization,https://www1.nyc.gov/site/tsasc/index.page,David Womack,President,,,,,
trust-for-cultural-resources,Trust for Cultural Resources,TCR,Public Benefit or Development Organization,https://www.tcrnyc.org/,,,,,,,
trust-for-governors-island,Trust for Governors Island,,Public Benefit or Development Organization,https://www.govisland.com/about/the-trust-for-governors-island,Clare Newman,President and CEO,,,5,,
united-nations-development-corporation,United Nations Development Corporation,UNDC,Public Benefit or Development Organization,https://undc.org/,Robert Cole,Executive Vice President & General Counsel,,,3,,
unity-project,Unity Project,UP,Division,https://www.nyc.gov/content/unityproject/pages/,Ronald Porcelli,Director,Mayor's Office of Equity and Racial Justice,NYC Unity Project,,,
veterans-advisory-board,Veterans Advisory Board,VAB,Advisory or Regulatory Organization,https://www1.nyc.gov/site/veterans/community/veterans-advisory-board.page,,,,,,,
voter-assistance-advisory-committee,Voter Assistance Advisory Committee,VAAC,Advisory or Regulatory Organization,https://nyccfb.info/about/vaac,,,,,,,
wave-hill,Wave Hill,,Nonprofit Organization,https://www.wavehill.org/,Ray B. Oladapo-Johnson,President & Executive Director,,,,,
weeksville-heritage-center,Weeksville Heritage Center,,Nonprofit Organization,https://www.weeksvillesociety.org/,Raymond Codrington,CEO,,,,,
wildlife-conservation-society,Wildlife Conservation Society,WCS,Nonprofit Organization,https://www.wcs.org/,Adam F. Falk,President and CEO,,,,,
workforce-development-board,Workforce Development Board,,Advisory or Regulatory Organization,https://www1.nyc.gov/site/wkdev/workforce-board/about-the-board.page,,,,,,,
workforce-development-council,Workforce Development Council,,Advisory or Regulatory Organization,https://www.nyc.gov/site/wkdev/workforce-board/about-the-council.page,,,,,,,
youth-board,Youth Board,,Advisory or Regulatory Organization,https://www.nyc.gov/site/dycd/involved/boards-and-councils/nyc-youth-board.page,,,,,,,
